count	sgRNA ratio(%)	j5	j3	JS
227	3.9777	14408	17995	14408 - 17995
47	0.8236	23681	26924	23681 - 26924
43	0.7535	23685	26901	23685 - 26901
30	0.5257	907	25473	907 - 25473
25	0.4381	23589	26798	23589 - 26798
15	0.2628	23613	26895	23613 - 26895
12	0.2103	22683	29573	22683 - 29573
11	0.1927	19340	22583	19340 - 22583
11	0.1927	23604	26735	23604 - 26735
11	0.1927	3787	10038	3787 - 10038
10	0.1752	21997	23472	21997 - 23472
